angel of the north,4846290217.612795,0.012624172512438345,0.00760262122543284,0.00387177859040234,0.002804539962421675,0.0032952123287232488,0.0015645502913308935,0.0048425828175633024,0.003762553778401605,0.0024639287858963417,0.0048845397436554855,0.0012952309010537942,0.003653530641024416,0.002411270745602266,0.007009573832224821,0.007838991018939392,0.037404214533458074,0.01304659009876396,0.00745263552613111,0.004042878369378394,0.002835933947408667,0.003291520261745076,0.0015477153476099817,0.005039777929720657,0.0038453599743418897,0.0024233850734019066,0.0045273574703212196,0.0013168536890258717,0.003589208958871578,0.002351121179299208,0.006575198817948127,0.007956318255545488,0.03748743680905576,0.012597816520106274,0.006911395316237139,0.0042042013785441095,0.0028873623604993366,0.0032029331010894804,0.001486273367415304,0.0053675637996900005,0.003972247752170292,0.0022815526789906927,0.0042216714123885285,0.0013011259200408514,0.0034788029970138873,0.002237462499104291,0.006313568015843229,0.00786248821164665,0.039002826377788784,0.016785612456001107,0.008351622096458918,0.005333504203985252,0.0029410070728415113,0.004162511980490026,0.0019201882779670374,0.005108825107972114,0.0037805118864535194,0.0029868536973915285,0.005218096610799141,0.0016751751533952124,0.004411995584222233,0.002583636817817925,0.007065119463482045,0.00740696998065729,0.027597661318634042,0.01781186136206453,0.008316283312718498,0.005620672784609727,0.0028951815023696525,0.004768979839434673,0.001872608637771287,0.005676057874267424,0.0036199862956084825,0.0029805277575246673,0.005389692571032402,0.0016776718103687603,0.004877118969648306,0.002575083778997259,0.006804418624158751,0.007735643358963541,0.02470750322903093,0.017019420235091783,0.008284619564293463,0.005234931197142762,0.0030209690789714428,0.00424740519666923,0.0018123718704783803,0.005834858633574853,0.0038747339653458536,0.0029291848093019853,0.005342584597489185,0.001604169051967135,0.00446725735436742,0.002544289542662396,0.006482795559859739,0.007764775127022014,0.02686492592433122,0.0189166664395542,0.00871085465481632,0.005706480283612245,0.0030472354891723785,0.004013428363100125,0.0021218531597669075,0.004898075303339848,0.003856742328367081,0.0033610219346345916,0.005098667935859926,0.001896487401275915,0.004300916401849926,0.0027394473515331393,0.006739107816157199,0.007924863068464894,0.023997443777064177,0.019271076372189663,0.008671621863455433,0.0056621917087793724,0.0030261407235374098,0.004370915493659146,0.002083000813803928,0.005252630215855791,0.003792361095077763,0.0033837391494383573,0.005311644573512742,0.0018981449206614642,0.004577352906197013,0.002760735078003061,0.006368554141109478,0.008151524601195158,0.02274765805209312,0.018825949581596387,0.00868880902365854,0.005368363813917165,0.003173972642029718,0.004215353237246538,0.001968524783768805,0.005508605866082145,0.004011385724533669,0.003374096697673473,0.0052962517154720315,0.0017919023328783446,0.004432546363039465,0.002816432655232217,0.006034166712447158,0.008281509553675081,0.023541421005318093
big ben,5055989142.52349,0.012553588787279794,0.00711862138022071,0.004022236955042605,0.0025488143488543477,0.003595390521661061,0.0015136144105501815,0.0048176247672882975,0.0035347216792131655,0.0025112307203171134,0.005033453315473672,0.0012455332794756512,0.0037819822970319656,0.0023519739615723003,0.0076205450366206295,0.0070862085026628715,0.0380404248733844,0.01311557199567276,0.0072878745460748795,0.004107015441879659,0.002708962873389591,0.003391737500488092,0.0015014970218286765,0.00494430370417695,0.003766844543138636,0.002507276576168917,0.004556663828030522,0.0012698940633537029,0.0035790801328507015,0.0023008764508803633,0.00677315371608331,0.007507418267324471,0.03805779417530759,0.01296740301696032,0.006647370197292439,0.004506799328121199,0.002761707258057128,0.0034798072171102166,0.0014569592573783778,0.005704426315404663,0.003916128969499107,0.0023640921412020916,0.00452046947182472,0.001280626849899218,0.0036174919027897098,0.002204161335852363,0.006502896138060571,0.007509089450522206,0.03793653598667447,0.016488100329523993,0.00824686984401824,0.005494198218837242,0.0026591393392669353,0.004522047119081429,0.0017881830096390162,0.005508194094069123,0.0034841201829110767,0.002881080905100298,0.005337401251719909,0.0016124294382919382,0.004564242958249485,0.002522506234251118,0.007477114620807836,0.007884735282088775,0.026905602008792377,0.017332321338494116,0.008512433635836626,0.005390480976793773,0.0027070987985398126,0.004621134370916321,0.0017667161529611169,0.005717372303599262,0.003588724298642772,0.002963645762952074,0.00521790481476352,0.0016441131850431748,0.00461880237549833,0.002556097742704013,0.006769808969292447,0.008228293388569535,0.02574101672204191,0.01663261198876041,0.00799370696488975,0.005250061128195739,0.0027863927546143545,0.0044900700909430305,0.0016884224306297005,0.006140024904053474,0.0037465358915660767,0.002868476454256395,0.005403272755431324,0.0015657162197360854,0.004533413191369947,0.0025059763380562163,0.006521907485061327,0.008073474914805312,0.027175901324279647,0.01811493078310802,0.008856170830555177,0.005617374209940258,0.002846603732878273,0.00409568954719314,0.0019435985935913158,0.0050657026202875965,0.0035951055774379355,0.0030658945924317174,0.005138075934831057,0.0017496883067039811,0.004298654484498048,0.0026463103213554603,0.00708884957378411,0.00825797378837052,0.024995341939682163,0.018170323386636232,0.009066166170052695,0.005260711603968247,0.002876181119810456,0.004215342845950517,0.0018716702754102098,0.00533674404807853,0.0036666591398141937,0.0031076865345786944,0.005090236357345849,0.0017274937938959293,0.004393416085968052,0.002641353975875183,0.006239017396387522,0.008846997688163523,0.024865964414712963,0.01786367183340298,0.008911534918862698,0.005077084242537241,0.003012832570872236,0.004257128727978441,0.0017670001895638365,0.0058404720113918234,0.0038452033966874673,0.003107524927504913,0.0053207298953459195,0.001633425124175192,0.004395217736059304,0.0026689504871697375,0.00582268051920506,0.009010167115384632,0.02484234114050731
hearst castle,3898404671.2794614,0.012066018643881722,0.0063167678342673375,0.0046146442242023,0.002600980519908408,0.0036376842630437395,0.0015342526053707816,0.005774630208236006,0.003628011729488168,0.0023050216022522147,0.005157772346690791,0.0013064360176466452,0.0038360027031449986,0.0023310438878219987,0.008239668610347743,0.007070926259853627,0.0369325590484683,0.013458435530488005,0.006437657363049461,0.005101748308757284,0.0026660950617931663,0.003967527849655431,0.0017138855919418396,0.005823599807846497,0.003861872756030322,0.002624188282254173,0.005011825478468554,0.0015663907938803056,0.004123501957169122,0.002359356360213007,0.007443240638334611,0.007276060891614647,0.033917033833128336,0.012150306728976842,0.006029039459460591,0.0048463272114920705,0.002665599877847314,0.0036322942423218266,0.0015027037577847668,0.006737722158581827,0.003788471039407144,0.002292275890561938,0.004807032092140477,0.0013568979645738094,0.0037640051184868175,0.0022761108683808746,0.007018609953577143,0.007556505530813758,0.0369285186102176,0.014389696630577138,0.006842968688621791,0.005830183302333953,0.00265231234980193,0.004018328243583326,0.0017325975242647015,0.0061123803167383054,0.00368817403872633,0.0026594287576177673,0.005534715578118128,0.001580542465789043,0.004152473342610555,0.0024226322095724654,0.00829413226316158,0.007151388092734888,0.03029046670037283,0.016625702425211792,0.007040175464511194,0.006744031191443338,0.002640468478710631,0.00474652915431195,0.0019439024871482594,0.006441184044097791,0.003771377012278728,0.0031725466965408134,0.00590550452477276,0.0018716917622499446,0.00476199388747144,0.0025088492169057564,0.007689584575334916,0.007077687787867054,0.024411191795768398,0.014280681472879746,0.006943354584817526,0.005458221140778302,0.0027638311506231064,0.0040548212151239205,0.0016179328428810875,0.0068244356741888525,0.0037950662355209553,0.0026119317802170577,0.005544772927384781,0.0014970302966556292,0.004149707391535443,0.002401179038821383,0.007150437799824632,0.007326753346866129,0.030932263606506208,0.017223623800191438,0.008428006583376365,0.006222028132872885,0.002712298641069589,0.00397538192981925,0.0019411984475821954,0.005522221765473881,0.0035704886478420675,0.002879919952109147,0.005267953861496924,0.0017789441031944373,0.004159220144146943,0.0024738078486333313,0.007619119702392355,0.0077848143491397355,0.025793392595284247,0.018125141618717627,0.008933785106746797,0.005944581052103811,0.00270263709850605,0.004319279722780473,0.0018850555222117266,0.005871873295728473,0.003524478550121021,0.002979684033868615,0.005454030170143824,0.0017820755040409656,0.0044360140889723775,0.0025021134556180227,0.006777995265009035,0.008392226334363526,0.023721449685692435,0.01687497165549423,0.008525916701649042,0.005294616987346649,0.002837100197820338,0.004122916763629807,0.001781460111747237,0.006223834093899252,0.0037460261745903716,0.0029784920119565305,0.005777990386339389,0.0016395987352959412,0.004304299372421948,0.002569787497706634,0.006485398746279662,0.008169628582216572,0.026020382486231185
la madeleine,4290327794.2027025,0.013043017832159016,0.006842697193534029,0.004809867471610926,0.0026389186953620237,0.003881824167538705,0.00165168924632123,0.005845552197260383,0.003713908770475189,0.0026161277657910887,0.005328994394873756,0.0014376133256543667,0.004114959134534203,0.0024887954052717587,0.0076770745609587195,0.007088914693552857,0.034127462412240156,0.014734519161860053,0.007879004730692325,0.005045874212470578,0.0027216548297071728,0.0037032876016706057,0.0016252405731827604,0.005885326982730408,0.0036416549399556617,0.0026029982651583445,0.005210472190595792,0.0014802641686290827,0.0039270259296668155,0.0024616355916121215,0.007161177665915799,0.008279750117795855,0.03094753030549503,0.013360620239749245,0.006539047434563063,0.005213642847965824,0.0027687122997530193,0.003917265263374979,0.0015413587278266933,0.00665188640815073,0.0038658206021849532,0.0024299876870264776,0.005117600703883461,0.0014357342164713633,0.004036476947930337,0.0023305576626233876,0.007105782122903914,0.007618762504885184,0.0333741615978458,0.015041071980721604,0.007606006274836613,0.005608740298136674,0.0027431098763928733,0.004201204860809855,0.001754897419329053,0.006347063339817382,0.003649384260327105,0.0027343408542226575,0.005946389421043918,0.0014919982374478763,0.00447369667932145,0.002468117241779205,0.007945558662485561,0.007093296193616908,0.028202541666849688,0.016788517684325998,0.008113984766965931,0.006367244832113801,0.0027524100383902483,0.004182188797961386,0.0017909188524030616,0.006604968492905883,0.0035686931578231304,0.0028605577901290014,0.006077913337056488,0.0016214617967367957,0.0044617737740716675,0.0024686451237794765,0.007648229290964179,0.007721390127437314,0.024278519404074043,0.015126514354427554,0.007031336071275637,0.005971602391792994,0.0028163946695383252,0.0042775414254323536,0.0016683364109511731,0.006945245589988251,0.0037393401312074176,0.0025413679830651906,0.005871483467585754,0.0014921787780860264,0.004456677039716578,0.002340719471217119,0.00786523253133193,0.007081366402210685,0.028082080549311432,0.015654623410419084,0.008491673977061591,0.005297195631687569,0.0028283989198077445,0.0038680236570685007,0.001871016196410007,0.0056384887264497785,0.0036588957464675333,0.002790908241512179,0.005696560974690986,0.001546861656463626,0.004235305316450091,0.002524998366056294,0.007597419634280092,0.007509269763637602,0.028097777048675755,0.017107584484630952,0.009002165650326816,0.005610988462970592,0.002853225837859896,0.003855633990990061,0.0017616520321887819,0.005939422552918635,0.0035648225191915995,0.002771500955929774,0.005680435490317531,0.001554137511532845,0.004196142125779397,0.0025150371645222594,0.007101464243926019,0.008421085425331218,0.02537211881872204,0.01593423512058411,0.008248941078018886,0.00544197613382465,0.0030281446431065745,0.0038384400853748793,0.0017191783056326065,0.006126787444739937,0.003876857733201819,0.0026903868275440198,0.005575909871584968,0.001513615021006525,0.004092196998067404,0.0024684255431168976,0.007101537357776454,0.007941753927496395,0.027709031176062306
pont alexandre iii,4425681476.598662,0.014295481985495368,0.006199864210596049,0.006583980101151904,0.002454752436549225,0.004547964285846578,0.0017308391999115219,0.006410325391788785,0.0034697710928863527,0.0027161846781266737,0.0063100152089490035,0.0015817325473682265,0.004650960087725665,0.0023307124283149204,0.009250619437501313,0.006411296827008206,0.02841472375820597,0.015589617347740586,0.006801279732314485,0.0060799400409815895,0.0026730907613387897,0.004462555379740053,0.001758320220895958,0.0062436608342831355,0.0038053014701354628,0.003072199120915044,0.005709778951049764,0.0016940120924650505,0.004556544882647081,0.0025133112410332817,0.00753387843835671,0.007187924159460703,0.027677809004068066,0.014241770056012829,0.005991439866630288,0.006277067665479839,0.0025238575951878196,0.0046520622892446805,0.0016184400749425943,0.007719428267368309,0.003723719844379097,0.0027571922416245575,0.006233738221413444,0.0015338895105971887,0.004685311603681797,0.002297439703500396,0.007545924529916485,0.006864004759573254,0.028693937447873158,0.015984289847788116,0.00638852216390461,0.007288518335612721,0.002485031110546815,0.005141331179883541,0.0018848631989135337,0.006517199522305053,0.003418620937247451,0.002907038870081336,0.0064977278611826235,0.0017376897099710418,0.005229456433447058,0.002395843763245605,0.009389122130866293,0.006221729778379165,0.02387223883405079,0.017403852151355783,0.006720855736327875,0.006893282932302759,0.0025661732828692555,0.005489587454405188,0.0018830852343345297,0.006815065956785069,0.0035911844398237025,0.0031765153591432034,0.006299919543466198,0.001816494531372553,0.005507090884349144,0.0025618342140617317,0.007929016334770283,0.0066731103355433296,0.02203215528651516,0.01620692602169326,0.006022568939515716,0.006768188644199376,0.002572567690959519,0.005320626786952323,0.0017379646626532784,0.008095219275170464,0.0036519291502398066,0.0029851511781032562,0.006741412074060081,0.0016337706511908934,0.005348966543875753,0.0024311010701749485,0.007535560784296537,0.006357491756892869,0.02394977844744766,0.01704656780499822,0.007549582233145647,0.006845344542525405,0.00255298108437145,0.004620085830639636,0.0019041516447963823,0.005995510902903717,0.003358403397520883,0.0028563654972671754,0.005833055808052864,0.0017500399906720619,0.004780266817716899,0.0024671097229693674,0.008516050449180615,0.007176889858686411,0.024106818091979,0.01794190481113126,0.007844336040483476,0.006236191894517761,0.002620541311749585,0.004877972141361553,0.0018243302605746865,0.006302392609659651,0.0034579871009654613,0.003000710047319047,0.005857246122763801,0.0017196230347688143,0.005022417168172163,0.002560981817827982,0.007312616899124015,0.007664480839618251,0.023115491577388233,0.017044014145451928,0.0073921453141164665,0.0060587738347258,0.002662113265068811,0.004868196883180874,0.0016865054230938434,0.007390442195120082,0.0035582095261348584,0.0029157004242963834,0.006427321909335433,0.0015622434351256988,0.004953850838527483,0.0024998185296438826,0.006918606289391526,0.007570301406590011,0.023850980257622657
neues museum,2761049885.5034013,0.009971970768689463,0.00685297515670976,0.0036347613219829163,0.0023429480440005715,0.0030101655820364737,0.001271068533851982,0.0053965155195317294,0.003288245134795731,0.0018170872400286408,0.004983901803174952,0.0009640631452148348,0.0032034013050692683,0.0018633637917646131,0.007681160714963228,0.006949066980816431,0.044120796261355746,0.011090117897220314,0.006411006474774837,0.004605527139698254,0.0024337404237607736,0.0036661827112834957,0.001364202194078874,0.006460297155504606,0.0034252880979730184,0.0018859577274263346,0.005000485128893945,0.0010641209513923891,0.003680200808527459,0.0018430435193126523,0.007387341405599546,0.00675221134582803,0.04028176832271184,0.010746685077314787,0.00641736190901536,0.004369289622150654,0.0025887141427213115,0.0029245009752976114,0.0012683023045870448,0.005990473024469381,0.0035919451672020057,0.0017867362758705238,0.004282034087045062,0.0010512554926307067,0.0030620929547522597,0.001795639720703171,0.006585405221019006,0.007252112964336119,0.04363894236487134,0.012331649875234392,0.008245865503129142,0.004348423314716107,0.0025321124518483526,0.003280068520839962,0.0014685527096659071,0.005307288807446869,0.0033879721953701185,0.0021342000461340937,0.0052351733622384294,0.001186117162181651,0.0034365664083294035,0.002011870498504563,0.007657651531179069,0.007461694704880974,0.037326284212287335,0.013681347600807739,0.006580545676455978,0.005551036562803468,0.002426275870298551,0.005078307832628259,0.0016326297170521304,0.007293876553595449,0.003484787842857183,0.002365838590429269,0.005624210839127869,0.001405026763920246,0.0047429651097397494,0.0020712108610403705,0.008224735271455206,0.006608410246659529,0.030580285965115393,0.012688198966444483,0.007804344055494112,0.004442902934898794,0.002717187211725186,0.003256717370605821,0.0014359633385114803,0.005726692127022573,0.003658433842610805,0.0021959265980757373,0.004768125200232873,0.0012096019386896183,0.0034395544280214426,0.0020274395617448904,0.0066026868437122155,0.007594674692345235,0.0377830421938511,0.014742722203022803,0.009331706538080358,0.004526571541847961,0.0027499588090354687,0.0032265019656669766,0.0017588253806444425,0.004767152976051333,0.0035702264044847986,0.002559437931139878,0.005019312097346334,0.0014552461567922776,0.0034998827511326116,0.0021451305758009914,0.0070127967513334555,0.007207103689799771,0.033778915531806925,0.015413266300886087,0.008183949355686334,0.005098638546988117,0.0026976552928617364,0.004499900190335944,0.0017518763679446546,0.006202776139170959,0.003593422640131279,0.0025987755297126438,0.005320863490692069,0.0015095773806315372,0.004399617033124157,0.0021991768175642404,0.007011285764354042,0.007082604921535398,0.029788105532367153,0.015013247604662546,0.008934864559097313,0.004418224372357169,0.0029908777357489503,0.0033431713980107396,0.0016483639162174761,0.005245856224653784,0.0038563880973107602,0.0026470991618378643,0.004833540368099393,0.001412557030595569,0.0035984251558890535,0.0022388663314713425,0.005937038097136859,0.0075974536752339865,0.03363551757566357
montezuma castle,5714329353.814815,0.013467942064091838,0.007919624515929398,0.004588898380305014,0.0026688667577373696,0.0034111929134945074,0.0016074713551285772,0.00528973415670462,0.0035337691605865492,0.002606969551104424,0.005628958585665788,0.001384462210338027,0.0036795857405893164,0.0024439747189116605,0.007558395742532731,0.0072361607357507044,0.03404701665993366,0.014193856613500873,0.00775847757583291,0.004921651881870189,0.0027363478055857566,0.003392745881138169,0.0016245032460891523,0.005414861136428858,0.0036144829034588143,0.002565877341892809,0.005029632988348567,0.0014568794649168473,0.0036131578779216803,0.0022957804387042143,0.0066859801168106065,0.007523469895365039,0.03424531808093973,0.013834071389185677,0.007182271366156242,0.005349487192284302,0.0028460163745014353,0.0033172289890217657,0.0015423572465634095,0.0060409235970167955,0.0037598656849230807,0.0023733804335398555,0.004696191811778047,0.0014180453839444229,0.003468372296273892,0.002203296246948383,0.006498806219889031,0.00750199613410605,0.03504071288267181,0.017172244459485723,0.00875009533916588,0.005453019105822738,0.002756918376878362,0.004001890588777885,0.00186828263304589,0.0054614423334485886,0.0035255346764739835,0.0029815893496855043,0.0056046648475934786,0.0016591647894899286,0.004190477279348296,0.002610128996122273,0.007253463196893458,0.007687551359916782,0.026096555916655426,0.018041399397586647,0.008461101789487706,0.005774631680844628,0.002788451654356024,0.004416933010427853,0.0018827232807112487,0.005744500854063113,0.003596652959146103,0.00303325610235102,0.005480848860281001,0.0017732909281539787,0.004473710211597622,0.0026002325491643603,0.006706686975213897,0.00783823904985996,0.024460363945559015,0.01732166132513604,0.008188458848804677,0.005787895967799248,0.00287575546717711,0.00409981774606767,0.0018006580482783318,0.006137329534609326,0.003701179359128513,0.002916145776710455,0.005379568763629526,0.0016931134923260282,0.004221329288165054,0.0025482365546489346,0.006621639587223757,0.0078584993211914,0.02592173416790812,0.018699334733188477,0.009403605256949,0.005402408139530926,0.002949900223179516,0.0035388163366112885,0.0019966454986452297,0.004772754320774457,0.0036435856719141627,0.003208398828074267,0.0050896770825002505,0.0017967822000638672,0.003805228902263668,0.0027090256037254896,0.00656471799790908,0.008328243604644,0.025163898848830503,0.01905671626517274,0.009670203685991032,0.005352028742703008,0.003005578918442837,0.003644053821531157,0.0019339667997420448,0.005008482972261091,0.00372784260551169,0.0032433183642724545,0.005005078803302027,0.0017963199486627118,0.0038805361012704434,0.002711776809024307,0.00606131878232748,0.008862695995128969,0.024113104633460197,0.01840618021432892,0.009430201384288824,0.005210016361547645,0.00308624242307842,0.0036556344861085263,0.0018107000375802281,0.005452535559794294,0.0038600730379388807,0.003232352064360241,0.0051951403739302045,0.0017010807520025707,0.003833594189578397,0.002773092552328767,0.005751711839105256,0.009064089784822182,0.024610378188010838
cn tower,3826423915.4414716,0.01459170458456186,0.008694492357058386,0.004878822410555772,0.0027893295623277587,0.0034686956957488586,0.001641914690055276,0.005485138415928519,0.003753137218143019,0.0030477572576780286,0.00558423711128835,0.0014544580068488718,0.0037683074381843085,0.002669435189172967,0.007451699121534201,0.008639079523383822,0.029327369730257593,0.015864617716150664,0.008993358857195327,0.005061210584946888,0.0029270524126093554,0.0033652074641612397,0.0016603410714423215,0.005274983391961916,0.003870290338900137,0.002985819355470584,0.004923860172723412,0.0015625383279592453,0.0036586386190083395,0.002585999107551274,0.006609842402997334,0.008911841720357647,0.028989976769291895,0.01592990011266187,0.0076682761177192145,0.005649428350825942,0.0029073982140867807,0.0035811313449022157,0.001660515282294966,0.005986238618363902,0.00400695097780721,0.002954586892870582,0.004791527782905139,0.0016526814999100108,0.0037449127063080945,0.002554892878078141,0.0066072952580400615,0.008664166308776344,0.02888567596717709,0.016655064423242345,0.007841956965439779,0.006358824289033418,0.0027725449796676426,0.004162884713643648,0.0018875133990033635,0.0060400739460912106,0.003649844883368751,0.0030738727591834085,0.005953825003501057,0.0017145674726637605,0.004348484665326149,0.002609823285747686,0.00812838563213128,0.007472578708214108,0.024575333186469966,0.01741344757393956,0.008309392237690923,0.0062273662313794146,0.002806046440552205,0.004272613273444969,0.0018846364423107847,0.006138593280757276,0.0036251168426229704,0.0030476693262754006,0.0057805481515347135,0.0017177081509615758,0.004454018478907112,0.0025329134800694576,0.007312275118214176,0.007941178679735731,0.023782054604331273,0.017043647130965265,0.007768952966164029,0.006244516951096239,0.0028926321948052943,0.004261194008795714,0.0017899254480992133,0.006639171108208562,0.003761991281034201,0.003035245502389682,0.005918014723127557,0.0016913320729999982,0.004381703884268568,0.002582735889020839,0.007239872217252369,0.00793445220657464,0.024060190727925396,0.016988424275284773,0.008527959247450957,0.005901042312796184,0.002851480043391562,0.0036988700796265882,0.001899843186148864,0.005468328286213268,0.0035594571356947504,0.0029471373888307058,0.005747139137147766,0.0016617099325374328,0.003956804368387242,0.0025654604771999335,0.007607488026605558,0.007726653201405799,0.026137781214006173,0.017333378547743142,0.008614055302188194,0.005705740698628216,0.002922100441765499,0.003865147644576907,0.0019098718675322102,0.005685762317108408,0.003705769076907429,0.0030737005923310644,0.005477336049934785,0.0017293068128337362,0.00409709594360106,0.0026361894061265583,0.006802025629896433,0.008465081554453753,0.025223016427100165,0.017066685385295054,0.008681879836559079,0.005543987446512719,0.0030869766503799656,0.003760078332245646,0.0017534278603066084,0.006139736590756607,0.003835946211472333,0.00302200498895723,0.005622779324808903,0.0015905460626429912,0.00398315601521625,0.0026585281784798263,0.006476470071478286,0.00888470190996812,0.025138673447647933
acropolis athens,5473571793.918644,0.014077104323857132,0.008796688324708474,0.004402505598844369,0.002825284544150725,0.003285643208104374,0.0015824895175321585,0.004899687216787915,0.003741219458347547,0.0025615590274185467,0.004996288295202738,0.0013688675334164561,0.0035785761965854666,0.0023680846068434617,0.007014779178279185,0.007922213350380406,0.033886306486053945,0.015719617024217,0.009526556703225933,0.004554680818180259,0.0028679230165607997,0.0031949130900401543,0.0015784855113455877,0.004948960569197898,0.0036630737915940327,0.002650503426766018,0.004774257051722123,0.0014027562290997418,0.0034839673719804743,0.002358377151593468,0.006284181554520849,0.008698948157656802,0.031600095398811784,0.014586824869141575,0.008450542503523655,0.004679463519322804,0.0029306201768092184,0.003408034549060347,0.0015876301102186496,0.005421154886890056,0.003834044269142634,0.002515005970688441,0.0048589988729422365,0.001412599380026059,0.003643983322182142,0.002290032364492077,0.006457966201059215,0.008313938733700545,0.03291645713731326,0.017177198744113383,0.008408584531306901,0.005535198967907457,0.0029032379690236212,0.003993864232340508,0.0019336584200512143,0.005138161609537925,0.0037735569423232684,0.0030282995322179927,0.005371142261515969,0.0017347919260506097,0.004265686187739719,0.002584718563917938,0.0071092833287720114,0.007591089353808589,0.026758824295885796,0.0183281261948769,0.008928582420721438,0.005730529897968525,0.00289730563148269,0.004159133243149607,0.0018692263789710434,0.005489661423685212,0.003711139213855745,0.003206866220634956,0.005485146605474772,0.0017315259393440151,0.004343959567560709,0.002609507668844992,0.006594945897026111,0.008229239893999341,0.023992400668916822,0.016799214123876166,0.008443057101555946,0.00526006342471566,0.002928612221823001,0.004232167075685488,0.0018057970393733354,0.005803311157141848,0.003824573231631325,0.0029870004412185735,0.005641797053743497,0.0016371703242065343,0.004419706160712929,0.002520671824351221,0.006426394582993235,0.008133934124182913,0.026443826979301237,0.017804127979739008,0.00877432525709738,0.005819228681250525,0.002785808254306141,0.004056512083849969,0.00197035045293131,0.005224171853702386,0.0035356737874902198,0.002893877965575538,0.00517139505112265,0.0017778900188432064,0.004270334726842282,0.002487836613495935,0.006870139571497811,0.008132370791661625,0.02573325377710692,0.017938319676822793,0.00889965946387532,0.0055488347829406115,0.00275771904495837,0.004137427513085926,0.0018340788529302404,0.005508054140844528,0.003486545342741545,0.002901395103196228,0.00528680329879911,0.0016739939330414416,0.004322468578370998,0.0025052261890834595,0.006395882012829308,0.008486762835132748,0.025624126097860262,0.01764180948081774,0.009099813438086093,0.005058344214177126,0.00289299809217212,0.004205368774026427,0.0017906678668331605,0.005692798355103354,0.0036285024340505247,0.002966916174343473,0.005691158124527943,0.0015907444494526013,0.00443620179590679,0.0025434615268336166,0.006172384597909428,0.0084773084074801,0.02541881913479239
agra fort,4392920377.036789,0.014415291668441438,0.008464556188176599,0.004202866228125529,0.002770779824531763,0.0030350538368888705,0.0015641297093179224,0.004927738325453491,0.003555104704135269,0.002691202126832654,0.004932660827793769,0.0013895813730307961,0.003355011072601093,0.002512726280625863,0.006475997222111007,0.0084551074173485,0.03465151198125596,0.014746660475261786,0.008394661684651703,0.0044128671612876725,0.0027352239696081097,0.003064443141205864,0.0015857429429890202,0.004883720138535844,0.0035438872412373317,0.0026076916545100066,0.004576441134856739,0.0014331182691750494,0.0033409141654012144,0.002389914601666038,0.006147375986006427,0.008743813508991997,0.03479284271128574,0.01475965348497539,0.007704761008189367,0.004870848084725064,0.0028150185180916215,0.0030630500686167576,0.0015830740532986698,0.0053578745032843746,0.0036919984836873954,0.0025471716010406105,0.004419278556409411,0.0014710238601144995,0.0032953534487954583,0.0023463505991771863,0.006255995013664731,0.008739060951614412,0.034478806550985584,0.018569692618538955,0.009282970232932163,0.0052406901768326545,0.003140801583072923,0.003436616693136044,0.00195640522736576,0.004937616945831713,0.0039119812530758365,0.0034185092525726426,0.005170972051460701,0.0017642353925701182,0.00374230410399244,0.00284823084870628,0.006385620532270094,0.008501193161164256,0.025091478713147916,0.019067922236928905,0.009450518346867123,0.005259658218015699,0.003138885401094373,0.0035331396998360227,0.0020003478177840627,0.0049421292649817995,0.003949102327467175,0.0034836063078524664,0.00501550398100031,0.0018504425346319556,0.0038399969319084363,0.0028781135440852194,0.0061292058677301165,0.008870945219770445,0.023989801086716393,0.01866505448820026,0.009137326382530734,0.005419438071244717,0.0031942277743340986,0.0035330691419768138,0.0019242228511578848,0.005300942513559743,0.004029120799206634,0.003395533791005771,0.005088008321619971,0.0018022659205027783,0.0037806931593887183,0.002835878473349124,0.006180809582745501,0.008757310270313356,0.024355417245534416,0.018939484982736926,0.008565574285946988,0.005544800696077906,0.003236711452490638,0.0035655966460505007,0.0022242339787025456,0.00466892665803395,0.004089896008886839,0.0036710516474742446,0.005144513889142318,0.0020009899385701807,0.003841357599265326,0.0029423904558075788,0.00664986426654221,0.007812797898908095,0.024501128382034287,0.018851965589302994,0.00875288846705921,0.005398325305964984,0.003278346803952572,0.0036848820748388946,0.00214814896621452,0.004927123370877729,0.004113173059349287,0.003638506380646929,0.0050271194910323684,0.001986100624194551,0.003958465326966776,0.002951929620797053,0.006168550821041012,0.008413025262983967,0.02410076762144766,0.01868678886816475,0.00874175759532354,0.00547652401776067,0.003383991130579759,0.003715769639386258,0.002024118032769579,0.005335140744680723,0.00423979662698542,0.0036207743665857737,0.005087606944342373,0.0018812541789392247,0.003928686148108205,0.002942710236034721,0.005886977535418496,0.008584424675660927,0.023862998045930086
albert memorial,4866000778.332214,0.011852240452282033,0.007300338866100658,0.004354185677323258,0.002515559434842659,0.0034083806075020837,0.001485482728523951,0.005313893863851647,0.0035472900517346936,0.002334868976883059,0.005389282336612635,0.0012097566886759045,0.0036246248285972745,0.00219734920971335,0.007949630168106559,0.0072756858989710006,0.03744958255612181,0.013144398105092547,0.007487119480655321,0.004438463911818359,0.0026998842369104054,0.003505948631436171,0.0015086917938184196,0.0053429053164382595,0.003761764717624454,0.0024216719469653653,0.004825207703870853,0.0013166815768604738,0.0037261459813025767,0.0022458969594896542,0.007017100747418754,0.007672757939005847,0.03609351329713512,0.012527846552597931,0.006782799364361608,0.005076349300411955,0.002777409982434332,0.003469044593834341,0.00144519932604985,0.006322047176998203,0.003936156489623651,0.0022628397856578786,0.004809778802957675,0.001301284998968633,0.0035983248301722113,0.0020827832736506732,0.006855393957604965,0.007900686718351707,0.03606020719216694,0.015365566368179078,0.008322223421864203,0.005628543871604375,0.0026171984964015295,0.004110969725201494,0.0017139620265050409,0.005387782343420949,0.0034787123291464108,0.0026106151995145626,0.00542285667687308,0.0014732290693037899,0.004275740335772735,0.0022756279465061284,0.0077122996354682645,0.007374062834422712,0.029438762065658205,0.01731866643299907,0.008571518111566059,0.005499719025996021,0.0027299706028500355,0.004364769964286212,0.001712878589376921,0.005646543737489015,0.0035515574258419367,0.0029130427347996025,0.0054926246510797055,0.0015725851181513418,0.004543785158177583,0.0025179978745377522,0.006799674459811817,0.008074174006583707,0.025898644452295776,0.015598775046875785,0.008104780054250159,0.005284468444878399,0.0027939253736747453,0.00408719605023528,0.0015100034370381964,0.0063237516707885435,0.0036818719957496804,0.0025680951139526232,0.005547886936014574,0.0013582977848789683,0.004199237132299547,0.002271478446194125,0.006550054435448139,0.007733831652743029,0.029594498770820744,0.017257701432813383,0.008845607315595179,0.005822985016759842,0.0026594414277543435,0.003992211831673185,0.0018047694442931183,0.005281002684364985,0.003450734719943268,0.0028454199855633077,0.005085461913157584,0.0016282738155282313,0.004224860627684071,0.0024864176462921946,0.0072322288424560175,0.007937477979810528,0.026653557662153337,0.01806851439979891,0.00927582111309118,0.005391346295151114,0.002681248014045073,0.004100108933060147,0.0016776764644308403,0.005589660132042144,0.0034099854228852896,0.0028705632192697504,0.005321041460548727,0.0015641689263322094,0.004334364812777428,0.0025550087484492046,0.006498922683241038,0.008604594819971799,0.025265126900747694,0.01715560291626567,0.008779617859363821,0.005189453493610081,0.0027748820591673514,0.004111538500402811,0.0016205787501998112,0.006135771635261223,0.003624083287136562,0.002819273010535997,0.005567611593167414,0.001500145039630879,0.0043004475520972635,0.0024838277130240136,0.0061239297611061705,0.008449085573557953,0.026572303601315534
altes museum,5008351877.006757,0.010250328485770576,0.007518612945759584,0.0037659411276988516,0.0025210449445719737,0.0030656511359115385,0.0013905125308688068,0.0052710942099547,0.003438316242150947,0.0018361529802814623,0.0055216680209409985,0.0010254577532510883,0.003332426443081948,0.0018685807414313353,0.00814864970387812,0.006711900384651196,0.041624924885584065,0.011353184870101781,0.007275473156922055,0.004186028208963216,0.0026526918838316025,0.0035290131879766916,0.0014575172839498324,0.005573690380069017,0.00361429605372348,0.001974416140055389,0.005145780181625286,0.0011596702852579414,0.0036648758581598545,0.0019419010835613343,0.007361250665513561,0.0068412402071678195,0.03956023308890833,0.010810214827817305,0.007162432869250615,0.004277468706133818,0.002791864327558377,0.003022399813727889,0.0013458627434702476,0.006039981907207595,0.0037859988462701642,0.0017526980572323994,0.0045646849460843995,0.0010539554916490436,0.0032486949731324218,0.0018025676197429856,0.006674347650941898,0.007069688306724778,0.04188840144884329,0.013974085268986407,0.008344709323700322,0.005202235193479001,0.0026396988987196896,0.0041949690244009715,0.001632669119820256,0.005795549047739853,0.0033144584748389314,0.002180030945195311,0.0061893990928959565,0.001292911362734551,0.004387770073045796,0.00206272773865117,0.008086113587372103,0.0066828782863885185,0.03131105709781831,0.015670144902840397,0.007960182590474341,0.005584019973159388,0.0027173389192673906,0.005035888261243346,0.0016862034301852642,0.00627372410020792,0.003370398859535444,0.0024398862986405117,0.006048076548917672,0.0014386900531495293,0.005013322142544372,0.002285697611066664,0.007303967103246403,0.00683336312938075,0.027630358611927783,0.014633060994014287,0.007740284225093184,0.0053417391412813355,0.002884455133550116,0.004321579850456254,0.0016154914100485174,0.0066001381148278315,0.0037015299732452308,0.002256734763368429,0.005718456358920479,0.0013627310081981605,0.00445567655088535,0.0021472340601959394,0.006935807063578422,0.0068520664879092195,0.03072427740021446,0.016179522344321896,0.009200893775312097,0.005355818796497594,0.002729088883417445,0.003944030120957753,0.0017041422597875906,0.005433300016312628,0.003377547644832325,0.0024908949463998365,0.005483190554802387,0.001439282001035361,0.004114549952041101,0.002344955399866011,0.007351141249637785,0.007628720582449683,0.0285141840081157,0.01708222202004116,0.00850261232398197,0.005468019396077206,0.002644162147314758,0.00504464996930354,0.0015937320883592898,0.006334988943090662,0.0032164809363942975,0.0025546363040396076,0.0058691327004867086,0.0014470679992043052,0.004867383088890116,0.002429799159613165,0.006841898408979283,0.007776186114589749,0.025618290935421315,0.01661340044880474,0.008674389779391266,0.005219634630201151,0.0029101597832892592,0.004334099833775582,0.0016643032521622726,0.006347123066982103,0.0036810968297649946,0.002657879295972461,0.005614025574465231,0.0015008806032562488,0.00443868059227486,0.002442586294701773,0.006320062807365785,0.007927873163521395,0.02694506657985806
amiens cathedral,5437354072.445579,0.014511203313289025,0.007396844762321307,0.005498161659391177,0.0026590602101391175,0.0036642616141017463,0.0017136454740450237,0.0061194014759958166,0.003654274170437266,0.002854733998248026,0.006160217235715684,0.0015525973769034557,0.003948189102238222,0.002477669727740057,0.008101098879725085,0.007126383940884305,0.02979554272330169,0.015329312410753746,0.0075754600761175775,0.005974060396889226,0.002713950432287249,0.0038353556098232196,0.001747386809501875,0.006155641789227965,0.003661744396104882,0.0028491281575372873,0.0059983916959027335,0.0016382158831185101,0.0040248621141813256,0.002444681780559608,0.007766060245839653,0.0073482926555153705,0.028170741211116776,0.014964377685583735,0.0071563118782564045,0.006223218161485656,0.0027209303030091944,0.003644855325993654,0.0016736468939602656,0.006854453682495605,0.003720590271568737,0.002692928001734691,0.0056271458453521946,0.0016087039864248623,0.003798853952542723,0.0023807699121695712,0.007541791242115721,0.007495604917417369,0.029129103604366616,0.016537637396329463,0.007846556559781556,0.006081463978134333,0.0027879094273297526,0.003944411841447308,0.0018801939230358384,0.006011126133963057,0.0037663119926009624,0.003128723405651489,0.0061431833752128885,0.0017308950483887963,0.004203822864023587,0.002601488255768473,0.007923597852070556,0.006874513046702803,0.025771450564036142,0.017546344673856885,0.007927774514782002,0.006586801450541049,0.0027925772881651476,0.004226881329380302,0.0019104371390757837,0.006297543023169749,0.00371039776932434,0.003156237091937601,0.006092325188668671,0.0018183966512046524,0.004388221846308915,0.0025802124569265185,0.007585070806992104,0.007280547640270508,0.02333351679387274,0.016806433463760085,0.007631889251393473,0.00641084681888484,0.0028660917517531947,0.003971586750344185,0.001822251166002065,0.006598826306241654,0.0038686159764574485,0.0030528536887205,0.005845306388634519,0.0017568471028770786,0.004123633195920745,0.0025651083196448874,0.00736268163347742,0.007298123556757773,0.025252190293607157,0.01712407881715916,0.008210801459944947,0.0060901943955814644,0.0028004904480381787,0.0036320691127925816,0.0019292687173581824,0.005541928658375049,0.003719328532448114,0.003129379123716029,0.0058163380895992324,0.0017783544414819463,0.003919567648896505,0.0026170543604511795,0.007674134263866038,0.007397311349277709,0.025852986245490716,0.017834653064704012,0.008464333757811363,0.006152471209667913,0.0028643703113137124,0.0038550045533603675,0.0018854266411318663,0.0059122393676762945,0.0037403017723632677,0.0031523261550269388,0.00579125587154713,0.0017900333474128944,0.004041084988584061,0.0026229412530035176,0.007014679606703663,0.007784141656722041,0.024328022107447972,0.017276066661415918,0.008300267918292047,0.005883428623709977,0.0029689756033082436,0.0037971068296468063,0.0018069197104022667,0.0062455772287999586,0.003931657693809558,0.0031674315960834136,0.005880344128592826,0.001730278736520753,0.0040066704084912004,0.0026930395010326316,0.006776523573272767,0.00789617940188919,0.024872818049209454
angkor wat,4073972013.4827585,0.0105386915975914,0.007181100662374096,0.003594404912964737,0.0026308663841990414,0.002948698159096455,0.0013814792857959597,0.005001181288673763,0.0036395878577687754,0.0019547069123891114,0.00487408321616106,0.0010252548913058151,0.003272979961749348,0.0020190563946780042,0.0076384393759168145,0.007339041967463373,0.042245392622727036,0.012024879573459454,0.007280640117971909,0.004079302847868756,0.00267216363473177,0.003252665579065655,0.001473517389316979,0.005226417727313985,0.0037445712959275524,0.002125084247146444,0.00449229731666607,0.0012056935313454896,0.003516972322316761,0.002025961338971937,0.0070119297559978816,0.007519999227523366,0.039632869585230754,0.011129565119296731,0.006623321055781408,0.0040917382781108114,0.002789497874503168,0.0030991291406054678,0.0013200445179576128,0.005638383313709935,0.003918739873280772,0.0018357329355527551,0.004162617251695268,0.0010725919830288989,0.003296485634564247,0.0018695452971779233,0.006629198734233299,0.0073230490727822966,0.04248532540857413,0.014666569679996286,0.008537890553983483,0.005105996650848906,0.002540084755416755,0.0041677956272933815,0.001558334803571187,0.00549135287412955,0.003259702803510043,0.0023220544438525338,0.005279092073717502,0.0013037716587925182,0.004271684517302175,0.002203626518890319,0.007758421752521038,0.007961806749190715,0.03085678002783833,0.016663217040951417,0.008790838903144641,0.005330201144304353,0.0025084057252640866,0.004851159422843567,0.0015591090858135084,0.006103083736982886,0.003185339021322654,0.002429495987187651,0.005295640067731612,0.001390714368265077,0.004728803648500032,0.00224854829039393,0.006944011446143594,0.008417060542297603,0.02683933705970814,0.01558982355814346,0.008220052140237027,0.00481940295830674,0.0027223692050377052,0.004219590264128392,0.0014704321069207021,0.006318994078220116,0.0034769911438680234,0.0022901368663195455,0.00535210392116289,0.0012500354317176406,0.004291440107602175,0.0021831906317437712,0.006497722934578068,0.007955778736177265,0.030626901406691213,0.017068278502514155,0.008262718996133107,0.006362605116458265,0.0025956835336297663,0.004622537845404474,0.0018160399952282667,0.005573370150153419,0.003222787825100429,0.00260277106057834,0.005235117975174216,0.0015749413859723039,0.004776674906060489,0.002356855854925992,0.00800929661726721,0.007586659168570895,0.025618626557683464,0.01740177593617635,0.00818994235429906,0.0057498030341427715,0.00271200193213226,0.005009497493851649,0.0017667275585829738,0.006166559798192072,0.0033395123535327354,0.002676850357705547,0.005611842623328627,0.001557376260295362,0.005065366849905277,0.0023957363421627325,0.007079358124391078,0.007649760274085066,0.024912854198071193,0.01687080802399854,0.008426034883799892,0.005071139664245814,0.002707172466192491,0.004708054815872805,0.0016398764284546086,0.006941215149573763,0.0034387918872067266,0.00269552188092262,0.006315421990951605,0.0014441160856463059,0.004873269170010471,0.0024347613983155326,0.0064468436571651555,0.008009889234587926,0.02526204875391048
ara pacis,4096302373.478261,0.01207980277087777,0.00877448377556183,0.0036514546545601163,0.002545785103169421,0.002958749859019185,0.001348617081570412,0.004830429517432764,0.0034192288078403765,0.0021484084154488954,0.004975538667681038,0.001088270588493542,0.0032223462948899793,0.002234814400160328,0.007056817570720542,0.008211237540850297,0.03878085958827613,0.012908784923772423,0.008568926850390604,0.004043426234121379,0.00263391130755975,0.0031492230908286797,0.001391659263370615,0.005172270196847534,0.0035769376091911937,0.0022133702254862964,0.004605501901331192,0.001236812338813339,0.003387219778914733,0.002230458525834483,0.006439375386231949,0.008556122080944133,0.037212844922914316,0.01266159654247866,0.007886732576420159,0.004425238542567398,0.0027377622040819396,0.003039990083282257,0.0013250831143979086,0.005795546812739016,0.0037328825969490964,0.002069488438498627,0.004240583210668455,0.001211048577619824,0.0031914184871624086,0.0021477881204513844,0.006171486004378915,0.008946696463798238,0.03774350286105834,0.016606839621897126,0.01002942200417912,0.004603741829190043,0.002847237618645997,0.0033185912156666027,0.0017038075198639127,0.004792664611827226,0.0036009060797713016,0.002787653514452656,0.00512956149440113,0.0014541576019934516,0.0036028720886009937,0.0024770138110362027,0.006517935102462497,0.008532853387657871,0.02932158713490649,0.017356046571502744,0.009732501982475784,0.005169713993947963,0.0028808828267637256,0.0036047572266149114,0.001790272251226834,0.005137338022302927,0.0037352820387449802,0.002985654525545331,0.0051557224795280385,0.0016096603510113625,0.0038443995648134513,0.0025125436348978716,0.006416482128273569,0.008653971003423777,0.026741616035479338,0.016587288935528556,0.009722392802989756,0.005068056826772697,0.0029883053613296716,0.003498721920138261,0.001625885473979992,0.0054737561577103185,0.0038060090215822763,0.0027299683597712694,0.004906322678193756,0.0014669704802060606,0.0036630417137258264,0.0024601827168961687,0.006062322549422698,0.009032404483500147,0.028235215154805125,0.0182463994744318,0.009436011601218493,0.005255385225687157,0.0030467948530538205,0.0035949139384153905,0.0019860175263570956,0.00478180692379282,0.003905796900448058,0.00322839721345911,0.005084050404873657,0.0017628941703261443,0.0038974211183880263,0.0027150464246842735,0.0065849543937427785,0.007909689592028467,0.025891264875645515,0.018453921209311417,0.009221510580751564,0.005417927547141174,0.0030733072084911254,0.0038730287526351228,0.0019915136140659572,0.005070304700242701,0.003927754139534046,0.0033171098246599752,0.00518557738579894,0.001805920248629708,0.004161681758228797,0.002731932467949948,0.006287446332584073,0.008174544888537588,0.024633363977990493,0.017970754938167938,0.009571761055589954,0.005262786909875965,0.0032243022602943,0.0037327727844211505,0.0018579365514933487,0.005379527948473351,0.00410313956971382,0.0032690590464960535,0.0051451088932820774,0.0016888152663929186,0.003965451160969897,0.0027626136882872966,0.005958589606571342,0.008580589721377334,0.024853635235145888
arc de triomphe,3860640634.2312927,0.012553506490237348,0.006763826477143923,0.0049188042743375324,0.0024751505390354007,0.00375921794778202,0.0016614797293981326,0.005750494252310453,0.00354595424766406,0.0027256547370033534,0.005838817137877916,0.0014211769279076877,0.003906656428987086,0.00250477875699643,0.008814281573361678,0.007100891360374867,0.033579885644433115,0.013808957891766657,0.00713058233308237,0.005385941900166952,0.0026143784674105353,0.0037451448063325265,0.0016750566814044987,0.005970293423871244,0.003764638461111984,0.0027946492368526453,0.0052938981946679614,0.001568276003686961,0.0038755705341962455,0.0024398206546935057,0.0076686191107440335,0.007914284047206437,0.031670464777656386,0.013307414497652357,0.006204663223371918,0.006127234237416404,0.0026773108580810208,0.0038785458884956626,0.0015753168323804972,0.007472651214210903,0.00398950897353368,0.0025700360917539442,0.0049532062367118575,0.0015972860111540322,0.0038576686150769367,0.002294396161823086,0.007072347315769868,0.008257134170093812,0.031485856197324955,0.015268029301731968,0.007125016568639049,0.006247942341466669,0.002615725611361246,0.004384490502922371,0.001924406503249445,0.00610120494561357,0.0036607593803648624,0.0030221484772666933,0.0063044578748280115,0.0016801083213120102,0.00451840771709143,0.002521439122024217,0.009076368761523259,0.006716389358481311,0.02615368173697483,0.016473786473186404,0.007320945640973553,0.00644837780857596,0.002726101554550872,0.004493451075596085,0.0018984215269697464,0.006543317898171718,0.0038744117686572346,0.0032200760281878064,0.005930372620029018,0.001799927170078558,0.004586882377953134,0.0025712035081071178,0.0077680496079587935,0.00741249543763125,0.024252756028223688,0.015608603710542396,0.006724220782757776,0.0064792107128091815,0.0028248979594676926,0.004594572439856331,0.0017482462396270048,0.007577000174217015,0.004008306352419491,0.0029088357025522375,0.0058759428937519235,0.0016520599302705832,0.0045682567937774966,0.0024239470321033648,0.007352167737558796,0.007249296791118442,0.025725011272021196,0.016259641513528312,0.007918559470167709,0.006376229978773446,0.0026850608262043003,0.0041844965745712216,0.001957731442159188,0.0056837122832430614,0.0036079700931040126,0.0029700066902692782,0.006149481732998327,0.0016704261443087087,0.004408202807561423,0.0024511652636195302,0.008639825652473985,0.006851094221212858,0.02550697183065558,0.017124573784480904,0.008395424252522368,0.0060468286726774526,0.002788301815028045,0.004190927228484305,0.0018749124596741827,0.006038076273442261,0.0037961188459761067,0.003099969122586427,0.005772230458490487,0.0017100992569481642,0.004375839400064799,0.0025502503047780405,0.007301706418725434,0.007761492808405232,0.024493825422566756,0.016142297359037876,0.0077306663215357604,0.006070989282220482,0.0029129192317055297,0.004389723095000898,0.001709612743491467,0.0071735271566471135,0.003956594236044116,0.0028816235896440357,0.005958695745432317,0.0015493028976366324,0.004441314342699757,0.002420460216308311,0.006879805353583453,0.007660372574423592,0.025442672379439618
aztec ruins,6334323936.41806,0.013297554006220258,0.007449445315154775,0.004918581253314263,0.002538978258701779,0.0041424786876175365,0.0015651426687297526,0.0060272518659043855,0.0035961501724952544,0.002615759985065081,0.005331684253275168,0.0014050621053194583,0.004175146313794361,0.00237099317901156,0.0077209699769747895,0.0075763726006202806,0.03261402889292327,0.014194647555682125,0.00763180311123392,0.004989736606754859,0.0026068837587059075,0.003989945098786114,0.0015748196210917211,0.005827107266405214,0.0036324035044329487,0.0025987440355927853,0.004947912013911409,0.0014725556651479,0.004053545838076845,0.0023630246371474334,0.006972370910727711,0.007996641461898246,0.032493458449526884,0.013777819142547157,0.00676407569584461,0.0053748620895695595,0.0026022602108477376,0.004016535381900958,0.0015041400088825077,0.006595792526923783,0.003655212173254561,0.002403810957935027,0.004909883171357414,0.0014327119417911567,0.003966903465347394,0.0022702495925319274,0.007245117357704801,0.007659002294699833,0.033167223523983554,0.015753633849069783,0.007840676449516597,0.006135129333377924,0.0024854942036972674,0.004733339039063095,0.0017223599401600767,0.006281805913306425,0.003366870285407887,0.002681413006500456,0.005687118036089626,0.0015591940851047929,0.004718197665151883,0.002332382134743013,0.008162562985969067,0.007391062405809177,0.026494360202154916,0.016938940689733235,0.00816408316116937,0.005887690743492783,0.002587640258788057,0.004840302549322383,0.0017676225724866513,0.006310639374755635,0.0034944128564148936,0.002852794372782185,0.0055823818641147814,0.001639647261889711,0.004813620010726649,0.0024579920217694647,0.007180197677133141,0.007828596428111423,0.024999037692431628,0.01619154233083964,0.007603144169680368,0.005778738699160562,0.0025245124069309135,0.004906845452449534,0.0016391950610065932,0.007209979382155063,0.0033982418541312134,0.002616656913591892,0.006029410191748957,0.0014960967622558996,0.004796727571410108,0.0023104494200037085,0.0073479916070467105,0.007596648490309248,0.025899419222401573,0.016962391232585822,0.008831535634238883,0.005873461855831946,0.0025893127501352754,0.004121407086091019,0.0017985096179557152,0.0054876545803561405,0.0033819191607159407,0.002695474545812459,0.005284859280362946,0.001614696792284125,0.004316849641141997,0.002370284866519239,0.007403427279670208,0.007868605339313743,0.026745209872106504,0.017567296448184753,0.00924253850381731,0.005391682179702209,0.0026843810867180594,0.004242255990475616,0.0017677337790774253,0.005743670164199653,0.00348606460227518,0.0028071898780070467,0.0053144245450837775,0.0016101995967405971,0.004425049666581844,0.0024933921450104196,0.006534469967304391,0.008565601396755725,0.025469649585187968,0.017088494465905532,0.00881584171229436,0.005295937871141371,0.002755865535749607,0.004328133159749079,0.0016644688193952477,0.006288047922390769,0.003621234512968693,0.0028001629768698963,0.005622935348902952,0.0015206853038232545,0.004450877330989868,0.0024644187844188735,0.0063493772876327195,0.00836273061760525,0.02591638788528452
berlin cathedral,5359660879.441471,0.01119153720066865,0.00806037499504416,0.0035941629561135006,0.0025897866221441844,0.002755617438874162,0.001351656978959458,0.0047193277331921985,0.0034317682420571534,0.0020384947530055165,0.0046845681596278475,0.0010830016501906855,0.0030199352242031197,0.002138162730114868,0.0070371840216839005,0.007980738628821956,0.04161955516390519,0.011811308869864591,0.0079006781206015,0.003747494456325151,0.002692220960191047,0.002811312825483725,0.0013765793014420553,0.004819764308472888,0.0036294478155135257,0.002117788374649312,0.004313814456792978,0.001149818872437889,0.003048524442885542,0.0021179913331755415,0.0063182447433700745,0.008302789195386514,0.041138094422014194,0.01143668991227153,0.007663233320886353,0.0038644142474236385,0.00272647916254385,0.0026837603459966245,0.0012829619808905888,0.005257283518931793,0.0036477067262728822,0.001937932356886124,0.004164584312994596,0.0010840829610718136,0.002889099743251635,0.002029098572813735,0.006077337473135349,0.00876184408204166,0.0417893637811944,0.01764759734890655,0.009640989444719928,0.004902029356235595,0.003021388044155435,0.0035668537494869426,0.0019017893190127035,0.004827845140983543,0.0038045976337939135,0.0030918295707900337,0.004849265762365625,0.0016856118442522697,0.003763722127691075,0.0026521447534080755,0.006201241834634337,0.00845628362464629,0.027282682943524216,0.017748402024138566,0.009025769485816857,0.0049830334978455655,0.0029977612130370236,0.0037667606369728396,0.0019512835368700793,0.00488377741008609,0.0038927866038836463,0.0031897195174878353,0.004823397289376494,0.0017701260330888445,0.003951225019670517,0.0026702567381409878,0.006081979118321923,0.008447418383502313,0.02711217599036695,0.017303097211202774,0.009315854243070524,0.004845534489620057,0.0030695162974545298,0.003543044767532555,0.0018339937508766984,0.005000167154774123,0.003932164563848288,0.003068571622052293,0.004759569070655582,0.0016653533713858475,0.003714692292530683,0.002656639853181721,0.005963738040210863,0.008866510813811287,0.027757424956398734,0.019346100203516278,0.009084560925731615,0.005157266254605864,0.0031545703087156886,0.003605614351058072,0.0022078585457223627,0.004377510125592043,0.00409809149598211,0.0036556377871833933,0.004467291990010418,0.002050915220822588,0.0038362443964010478,0.0029164619079623155,0.005890631076846428,0.008509391304653587,0.024937726603802737,0.01932752300778024,0.009165523492496235,0.004900087141211845,0.0032113901211684075,0.0038077172565462204,0.0021673637661933504,0.004446928532133452,0.004167692482381462,0.003700763695588918,0.0045327897352026286,0.0020454991882186105,0.0040201830438877425,0.002963035749873778,0.005533870217703358,0.008807845180040507,0.024497659888179767,0.01884445812733256,0.009605855617669438,0.004678649683693541,0.0032777163231166445,0.0035836223938727056,0.002016999647381484,0.004606998380575461,0.004208486377236225,0.0036265635707264337,0.004570429735737475,0.0018918869982455164,0.0037904231582131633,0.002975792117460743,0.005401091166109155,0.009420865921291653,0.02479603327994434
bok tower gardens,4455028107.167224,0.01372502365405162,0.006056473528182119,0.00592706161093226,0.002544735178771944,0.004253039148932513,0.0017396349844647071,0.006381264400983849,0.0035994866131073546,0.0027234461321709092,0.005872453055361258,0.0015870792625556148,0.004386413552470871,0.002459975296338842,0.008706741249267963,0.0063380630950254,0.031082557373172538,0.014911035911631395,0.006369554190229811,0.00592887883208502,0.002658948243725474,0.0043751512947001,0.0017477340555097924,0.006356390039976065,0.0037169390833869625,0.002856552053723573,0.005628943368796274,0.001663381833932699,0.004513716476862066,0.0025158660790985258,0.007707031166575056,0.0068675040789698905,0.02956582142658707,0.014291562474164526,0.005894393636043962,0.0060276774367678775,0.0026677155566666062,0.004363760532763963,0.0016922345186967946,0.007285346309504525,0.003811362524106769,0.002757148391489993,0.005821687084389445,0.0016061003266465413,0.004437963682554005,0.002433076407913629,0.007548610655745226,0.0068154511419232355,0.029929357456412686,0.01613789358608159,0.006518185094694038,0.0069862103328286514,0.00259288625658405,0.0049186100321576475,0.0019445581066490027,0.006487337887125127,0.003511170500929985,0.0029012272781717015,0.0061672242851743084,0.0017939507722562588,0.005042201380848165,0.0025134076146078634,0.008973259783474501,0.006292311690523617,0.024603013533683254,0.01750056611433559,0.006548793520091376,0.006786337724542317,0.002636382585704717,0.005427186177758815,0.0019381400124043584,0.0068829633643830235,0.0035984473141956,0.003134667904582834,0.006182703359428031,0.0018700043488327606,0.005521302104502175,0.0026266129139521357,0.00785595995881439,0.0065978803932025204,0.022275500339059156,0.016388459396080832,0.006180688992554972,0.006466879243042139,0.0026471258677525497,0.005229149769131534,0.0017706403241873896,0.0077337255929143325,0.0036463502374558514,0.0029739869949344864,0.0066820025593131785,0.0016804231531725485,0.0053099492398927875,0.002534584198242843,0.007540064644660015,0.006474366844899704,0.024125051077554593,0.017183630001082147,0.00740550918279695,0.00657322726187642,0.0026339199272705414,0.0046172393809743315,0.0019425883710596685,0.005886707597711807,0.0033624518395636888,0.0028382223189727987,0.005634986685976716,0.0017841276633509678,0.004795962355539761,0.0025301778769396977,0.008364354419286416,0.006888673264044101,0.024941669989343773,0.017994175486755574,0.007579809570265993,0.006320909438993731,0.002724140458124841,0.004908332546612012,0.0018718536539381763,0.00646353888750909,0.003469573949096229,0.0029483544807149507,0.005793937829206094,0.0017716667387713742,0.005058541117255261,0.0026020574332953797,0.007289523564384343,0.007375786075707871,0.023211246905158855,0.017222130828611827,0.007314410047273292,0.005918502214245251,0.002739414926940328,0.0048621571326914696,0.0017267107434349826,0.007235911544590414,0.003538291086939359,0.0028948754366521544,0.0065217281705051006,0.001611666100419797,0.005031810808119989,0.0025800495847253177,0.006968260252714621,0.007236853141918612,0.023980676116007262
brandenburg gate,4213763166.70903,0.013895226475122138,0.00864478365503769,0.004580644846132651,0.00281273057420901,0.003066590872663321,0.0015565701876888848,0.00518580922022573,0.0036044324077062033,0.0025344523918704076,0.005871218728718096,0.001324533937497176,0.003460724818340642,0.0023652863387647396,0.007547319481604398,0.007434789177724898,0.033425353153090656,0.015223476592956033,0.008462902946920675,0.004940020823776882,0.002925655627976399,0.003254403582198358,0.0016655857571009965,0.00528295652168308,0.00373381053341572,0.0026863331209033333,0.005330630178792643,0.0014784972694839762,0.003599548789597698,0.0024228891149478235,0.006834754973375983,0.007763224675463255,0.03170577575780381,0.01529410459572704,0.008127601659764519,0.005533217810258387,0.003033392520816988,0.0032381471637641227,0.001658706560146935,0.0057910113647971035,0.003892755716264417,0.002590508156000713,0.005151307636719657,0.0015153905942892586,0.003555772627323286,0.002331925236217307,0.006893248865191609,0.007554758273851498,0.03114861748526376,0.01806572346061628,0.008962419725225775,0.005491676198082771,0.002997804411053502,0.003633688280598529,0.0019512615495183387,0.0051159697964403405,0.003772150285381309,0.0032130353503782997,0.005462019184051772,0.001781538677347835,0.003941419918571912,0.0027124020657739115,0.006821227992136895,0.007784887641329227,0.0256032417298899,0.01942405636941668,0.008817122798444824,0.0055343714175383,0.0030654893358363087,0.00406031905478415,0.0020110273601634076,0.00520342147242656,0.003791440128743778,0.0034138678183545826,0.005271991796386292,0.0019140649252924603,0.004248494378994479,0.002880057749242313,0.006232619241758233,0.00823940068500527,0.02320272173400902,0.018565767946273147,0.008931509509377888,0.005501310707457721,0.0031544872763597047,0.0038273433073667943,0.0018670221505232153,0.005515995334879218,0.0038937551762292023,0.003254763195530755,0.00537534002587107,0.0017569942605979616,0.004036471089564243,0.0027903166381057164,0.006127177727180144,0.008261862319307074,0.02445034960177282,0.01944373221157576,0.008915635610003376,0.005504716090551746,0.003046012793070391,0.0034949968351178644,0.002117811966495093,0.004738498368592404,0.003810224929381676,0.0034433420661908244,0.004854747396941131,0.0020038300932756184,0.0037737493127775507,0.0028745006497927217,0.0063167158297436805,0.008632379689892054,0.024339572422994754,0.019858862373806054,0.009149607088886241,0.005318511438504967,0.0031626439926368015,0.0037225247922262534,0.0020992895207102053,0.004787974032649799,0.003893890673154259,0.0035331010019672366,0.004886747698245106,0.0020043314463700133,0.003993737899926408,0.002989723683188421,0.005787996981144011,0.008911627732816198,0.023209895910164657,0.019530299817091732,0.009396924686398894,0.005037652631264939,0.003303387004697538,0.003716822818195651,0.0019560801656066484,0.005025655982156618,0.004073711852338926,0.003607130261490894,0.005029232959810005,0.0018763184773323198,0.003941855176390259,0.003054768203476872,0.005448747761539615,0.009210611669085213,0.023101266799520515
cabrillo,5528327227.184564,0.011076072694506703,0.009711937686289866,0.003509374281713072,0.0025701206748539353,0.002631274582294125,0.0012981059949084253,0.004962160902277993,0.0032035502767470045,0.0017980948869418156,0.005764846535477018,0.0009105879774217732,0.0029934288163958557,0.001960383165193328,0.007788277733598458,0.007751789647916392,0.03932618658431627,0.011784431198864744,0.009489979636473389,0.004000909533974689,0.0026959880267352723,0.0027318156650977398,0.001300951529900466,0.005298340772589609,0.003368119342010507,0.0017666683661714216,0.00510779271852216,0.0009675464891982334,0.0030589986660391096,0.0018926777292323158,0.007035901840030598,0.00781402554829852,0.03894204537771331,0.012014869342504148,0.008734553459585202,0.004490826792833928,0.0028933875180181703,0.0026696758316258388,0.0012513978174707825,0.005831137298555542,0.0036551198867044174,0.0016701355578197978,0.004426444959404367,0.000995443406448468,0.0028855808067123076,0.0017939817764598368,0.006480525055725721,0.008163589640225292,0.039299523290758205,0.014889572996608109,0.010659233335784411,0.004443036446642408,0.002915325265389263,0.003008057914733905,0.0016233916112433475,0.005085596319946643,0.0035716528750026327,0.0024084002533790575,0.00592644534271469,0.0012085001430376726,0.003443025630712519,0.0022091999343691405,0.007422615415202483,0.007448939426953498,0.03099319952913231,0.01625885339813608,0.010251555145247658,0.005284672884013717,0.0029998949703971566,0.0036022820145611197,0.0017606814810036473,0.005755144190787378,0.0037234858010981005,0.002617562973373053,0.005980700925154362,0.0014075469662265905,0.004001447086245726,0.0022673767511171387,0.00709389243836209,0.00739920853118863,0.026851886883939607,0.015520932362312459,0.009990558019663568,0.004919216624088248,0.0032278717893159115,0.0031196813326723233,0.001594592596976714,0.005586133401258109,0.0038959927391650803,0.002328703572599684,0.005099286665695514,0.0012579153403666696,0.003456483410962733,0.0021677615987269892,0.006376207652448554,0.007875310049325564,0.030839545285273967,0.01612745781831726,0.008819328678931891,0.005163130099060688,0.003032758234520502,0.0033122052204037377,0.0018818346282800684,0.005035963929218419,0.0038909397074979755,0.0028416690041263,0.0056177263301523984,0.001530416884402341,0.003736345941525073,0.002481724621764049,0.0074639467629986755,0.007112525572765729,0.02920821900688694,0.0169747055450902,0.008324385699909842,0.005617949431495543,0.0030500636870828294,0.003945012412117332,0.0019338410386445205,0.005732323290323285,0.003954532566062386,0.0030441074953933135,0.005800119266192237,0.001664284659940011,0.004325429868620067,0.002585184838492745,0.007152350565820104,0.007234032723169205,0.02591786935249846,0.016160787615144653,0.008902237075956899,0.00500652252963547,0.0032345201407423703,0.0034679474235599674,0.0017736111801966682,0.005678835158129494,0.004135512981260027,0.002874143463256438,0.005499200541402813,0.001466615697591815,0.0038025297400627557,0.002501169038585825,0.00637217661066385,0.007873743176168598,0.02850664006849442
casa batllo,5518669862.281356,0.01192277695110101,0.007052512957629831,0.0045875210383649265,0.0023745811156782558,0.003439001948579058,0.0013823230886867905,0.0058237979511642154,0.003314419458106227,0.002270615500137657,0.005382913160892376,0.0012065571066746346,0.003565340328863645,0.0021724887468588055,0.007947011424607388,0.0072722606999535006,0.03752944380450993,0.013317017076421226,0.007062750623297579,0.005052721207371408,0.0025094962928206748,0.0036653180032800727,0.0014817818814493022,0.006014832098872275,0.0035682689865013987,0.0024229103430901664,0.004970588441001686,0.0013804089865816667,0.003814541013696051,0.002201942370772121,0.0069757609871938225,0.007656392226961493,0.03514883474249734,0.012552345558865498,0.006595764821009744,0.005287998940106585,0.002472761495881066,0.0035488699814910686,0.0014034760016392437,0.0067414815897030135,0.0035080277794056944,0.002176018404084588,0.004831502020208855,0.0013079917726466128,0.003599096388269364,0.0020658780685062533,0.006909662539099264,0.007879390858307815,0.03636329906258359,0.01531661355166399,0.007780771157042585,0.006154688505607536,0.002578700543490313,0.004123939995727794,0.0017002259137005615,0.00630018273548151,0.003480418238201134,0.0026943896869260947,0.00613840481740014,0.001530080216329456,0.004269538003632262,0.0023558758556855687,0.00840845964749419,0.007310801125726369,0.027100475287698742,0.016704865389933495,0.008099676011010587,0.0063514362566663,0.002639890326374838,0.004343005510852965,0.001743299290397919,0.006563224469169814,0.003598378836725204,0.0028801806849471107,0.005953761877306983,0.0016436598133228912,0.004486888644208307,0.002434760336128047,0.007461696913019097,0.007777811425013786,0.02456102949673088,0.01568543209482752,0.007526272846902484,0.006094333382058644,0.0026733999436108383,0.004232326079995533,0.0016581315528499641,0.00715029953297324,0.0036795255387155556,0.002710041472256122,0.005841726029224512,0.001555007267937115,0.004318743373887496,0.002368470986065748,0.007118930639209007,0.007625764412707196,0.027005160128587287,0.016602563974694683,0.008630871083285342,0.006125452075541417,0.002696682513760965,0.003964987570659784,0.0018016405073546771,0.005847995259754623,0.003468539750879438,0.0027094507761761953,0.006059903371292513,0.0015675578043100682,0.004229134379642551,0.002369360251123505,0.007865335636256144,0.007390294280609559,0.025913796046466785,0.017100133974225207,0.008869107540634481,0.005966573493197681,0.0027441377425358117,0.004091378626336894,0.0017722478439677477,0.00609763418164559,0.003536986197660057,0.002781837507584502,0.005868665246920462,0.0015928589066279194,0.004320039176089255,0.0024086758122673353,0.007004072917459676,0.007894615442118145,0.02519460067253748,0.01664717924316465,0.0085868722877237,0.005668332254524199,0.0027901295551750415,0.004113409184990322,0.001683747458958596,0.006580102047493224,0.0036377741979556188,0.00271838998135685,0.005789491383500072,0.0015278272710942873,0.004268917619575125,0.0023971861239012807,0.006496540792636909,0.008122915217747459,0.026214750662010913
casa rosada,3752998210.474227,0.013122329166039646,0.008353889077497062,0.004010460183130493,0.002678542813413034,0.0034630547079961766,0.0016124102652264147,0.0048057220664557915,0.003561299279303974,0.0024002544145705035,0.005095119554887909,0.001310572777262875,0.0037369031525153447,0.0023062340580281655,0.007340404088968671,0.007031494018071552,0.03650753168958697,0.01353172659425655,0.008384826573909576,0.004230396377648904,0.002772368204154322,0.003515610716158897,0.0015692890117676491,0.005040559319972668,0.003752384178114749,0.0023676650688358707,0.004516332139578903,0.001385112000025196,0.0036959844881684803,0.002245364563978376,0.006634481084486153,0.007407375907400904,0.036286745084497384,0.01340076232776301,0.007964458702096562,0.004470347430770618,0.002940080425536266,0.0033177575967382887,0.0015288239570566305,0.005495774814141884,0.003995153647511023,0.0022726595272966692,0.004044271110089029,0.0013904035896996722,0.0034860494449874256,0.002180902585392325,0.006021628890357149,0.00771638401376134,0.0371107632497567,0.01579516867473664,0.008451156205756689,0.004775727074511953,0.0028925333025578977,0.0038910664929764326,0.0017700745794200273,0.00498364658955978,0.003745614045343836,0.002848661730445967,0.005231688210664901,0.0014960246580225747,0.004098991743523543,0.0025187621176548615,0.007130917158427492,0.00739289047617951,0.030313298253172444,0.016704719472204713,0.008196845464002274,0.005179386397324338,0.0029264419838662768,0.004285759096706085,0.001799288282118026,0.005382033255900064,0.0038207480821026048,0.002938528767853679,0.005088349515382681,0.0016223929945141434,0.004420374386490506,0.002573915509159352,0.006679669823653855,0.007508672089337605,0.028209096192338367,0.01632821180894824,0.007922749345022859,0.005290159600499854,0.0030709048314398377,0.003962045104594322,0.0017174469399908172,0.005542070715753357,0.004046259442786709,0.002790563198665751,0.004571858451017815,0.001572115149604559,0.004090787700985771,0.0025107999397819564,0.006258211349677429,0.00757492939452094,0.030087108339664357,0.016609329967134646,0.008420178839809398,0.005162628644633378,0.0029354611041430174,0.0037628666877724776,0.001815661207554446,0.004861094616962909,0.003806844441324134,0.003030132083136258,0.005005954274596182,0.001589621709777514,0.003958170892944705,0.0025912166283807254,0.007068723385506331,0.00745401082670278,0.029264326002575697,0.017363228436230328,0.00832271123825954,0.0052950896028033,0.0029669125157289313,0.004335406144073637,0.0018436269085082755,0.005304196548484369,0.0038322648680261615,0.003079276079515463,0.005255922739850136,0.0016391707360987754,0.004482021597535775,0.0026576902960679318,0.006781800839889458,0.007577576761319182,0.026599326000563337,0.016675253944615675,0.00814119098908867,0.0052620765866476325,0.0030396934669200946,0.004082366552608071,0.001745745517510034,0.005571921817968616,0.004006067763268836,0.002984009279896652,0.004934174731799121,0.0016111594513480779,0.004173181625295118,0.002577825458811041,0.006272196049642482,0.007843676568185269,0.028415681509349183
castillo de san marcos,5293494145.491526,0.013567992802435315,0.005938315384250122,0.006348320247175741,0.002250950530340031,0.0046931010054653355,0.0016682187964106945,0.006169158849483956,0.0032012723034188974,0.0024204862467265896,0.006020807809148581,0.001499155292629089,0.004714301953613907,0.002137281139830621,0.009112992893829082,0.005645059824509832,0.0320113390574111,0.014663286951604876,0.006386163171676443,0.0061328675125189,0.0024140312704171276,0.004823742194628108,0.0016676842999389292,0.006658270787121156,0.0034970281074456896,0.0027315183928559197,0.005972196992468537,0.001603088053637029,0.004938051896878167,0.0022804015229908794,0.007699988688362594,0.006385529698868753,0.02954490459526583,0.01327733881440976,0.00570253649597489,0.005837288247823847,0.0022951846442418157,0.004711083537393306,0.0015044367854828316,0.0076531722077774,0.0034102357362064467,0.0024745469574334023,0.006227039449158245,0.0014415769640892936,0.004698059279308371,0.002114894824386903,0.007171117540104285,0.0061431527993528025,0.032737089853535364,0.015901812866753857,0.0060921839967889,0.007475833090571879,0.002258499149197086,0.005633295463991372,0.0018361133376848778,0.006534358632314607,0.0030609994010906065,0.0025303327427071915,0.006217982210931493,0.0017249133500942002,0.00562192582638022,0.0022360673335167537,0.009343248467435537,0.005744076652816855,0.025187111614403495,0.017365220708364208,0.006479860719641783,0.0067489175545466405,0.0023777650534612385,0.006167520624678317,0.001744217188731562,0.007124932622245893,0.003255254249856329,0.00276718445462854,0.0064954910563648095,0.0017019516117887483,0.0061889873370344324,0.0023541898803932293,0.007773247688580401,0.006196686047460666,0.022657327338902092,0.015955650964959496,0.006164558398008573,0.0062229531331612475,0.002401123115565954,0.005695549887404282,0.0016113769379970536,0.008188998656418983,0.0034298795804129836,0.0027184161867772694,0.007154311197416998,0.0015469177210113312,0.005677396708406062,0.002256871877474437,0.007057072421097621,0.006088105192534151,0.025229572158032454,0.01693911639414689,0.007279546616994611,0.006954640208119298,0.0023777320633222914,0.0050456742814927544,0.0018850036164570433,0.006003798952477407,0.0030836927538318453,0.002593362508511199,0.005794237775421755,0.001735694432214452,0.005183695623453701,0.002321962596503317,0.008438578928757677,0.0066515534791698775,0.02511046390580481,0.017731224771538212,0.007652455139637417,0.006153453562299767,0.002464658008941789,0.005403108440981014,0.0017471721678842132,0.0064255896902019735,0.0031851542007115216,0.002682908745542491,0.005999307232995577,0.0016502373659822392,0.0055469424481730265,0.002407037092507785,0.007167062442907898,0.007186434500088027,0.02399600832628597,0.01700153033529167,0.007453969167171044,0.00564621200742655,0.002566106160983664,0.005236185623996957,0.0015894558539473213,0.007343332419317794,0.0033828505120051255,0.0027175423071034233,0.006590897545735144,0.0014952595350921154,0.005262689783194074,0.002382704095304254,0.006399918097301776,0.00721606084721778,0.025114039845590224
chartres cathedral,4420346272.760564,0.013591202371819166,0.006868501227337542,0.004306996531142253,0.0027060898702035803,0.00373041041153981,0.0016513923447603817,0.005218943680892976,0.0037226963610664915,0.002825176333315714,0.004981596003149627,0.00147438897287743,0.003898635204837121,0.0025953506849344748,0.006898998899041198,0.0072771636541622406,0.03552119797247267,0.013939388463652114,0.006988118010651581,0.004480139902894892,0.002704963444332169,0.0035599710114074977,0.0016229655587305292,0.005196089509069752,0.0036659914678586875,0.002661548300726048,0.004525856024157167,0.0014921208425211292,0.0037669807408528245,0.002471128283946063,0.006458824395405861,0.007590792327646583,0.03614386223969974,0.014253166794396182,0.00651193076828827,0.005037055512969288,0.0027835762072864682,0.0035801208182857786,0.0016624225713650451,0.005459364982941867,0.003798322102509627,0.0025919922454825414,0.004383478175957217,0.0015824941524736058,0.0037326939553528867,0.00240837761555385,0.006486199902007234,0.00758505493077204,0.03541248978791075,0.017433006404028405,0.007673414670027499,0.005570242382474666,0.002895650835586461,0.00428337595685265,0.001985850209335068,0.005466402054391691,0.0038522693411824076,0.003328792011574679,0.005227602235203409,0.0018472655294243898,0.004393653744902897,0.0028589002874745083,0.006782092631492431,0.007619923301927936,0.02605029892767354,0.01793300511224984,0.007970030356917086,0.0056480715277829755,0.002843047780290605,0.004438758769422366,0.0019803542087193913,0.005600337067626237,0.0037440618720970564,0.0032689043877251497,0.005315619747091534,0.0018788679226907704,0.004517231501321633,0.0027630818359411116,0.006619797358370714,0.007880461978360587,0.024867109096945585,0.017693098047096296,0.007487109532344935,0.0058271618134843215,0.002963616740870758,0.004271208087675341,0.001963548251447525,0.0059239896328169995,0.003930318790939573,0.0032538631193501626,0.005221156692649608,0.0018984099738610098,0.004370753771918213,0.002779205043898765,0.006535968878519231,0.007772524389618143,0.025376807757061765,0.018438179726874226,0.007996977037222117,0.005937002399192703,0.002928717920635749,0.004197740081444331,0.0020816957919357333,0.005161608452742206,0.00380687910875593,0.0033711164756476683,0.0051371596261091425,0.0019241963846746589,0.004371163733717705,0.002794145629685507,0.00687785653353032,0.007542007023349629,0.02470229459803498,0.01858497401086877,0.008278594028002044,0.0054900463170452956,0.0029469609291206734,0.004305841393557367,0.0019704044959790354,0.005315609188074977,0.0038143307212391954,0.003331351554353203,0.0051668091664295104,0.0018617478414342322,0.004462698003578864,0.0028148601781020494,0.006291411645165148,0.008010147688200995,0.024622953362401296,0.018329125875949526,0.008106733276584357,0.005440771865516656,0.0030587267629241612,0.004352078832369591,0.0019280598706045047,0.005723049595703437,0.003970242786884354,0.003402763134434414,0.0054123042833674395,0.001827257273761291,0.004479915584005403,0.0028674692780089666,0.006033297784628956,0.008047252564233847,0.024289691754575737
chichen itza,5424923966.64094,0.014026214216844194,0.006970429922401673,0.004976538442301205,0.0025701766943667308,0.003815262365227253,0.001565374854390341,0.005598228598995548,0.0035521704074035145,0.0026765654656995953,0.005233257207456671,0.0014708546078922458,0.003964478301699966,0.0025063301439528706,0.007393304799903847,0.007501438050727848,0.03339083292941368,0.014366131251843042,0.007100490090672904,0.005026215066064256,0.0026231123156129988,0.003651439329143613,0.0015577192814790084,0.005614914368591705,0.0036206475649549603,0.0026376345067355145,0.004862836503790394,0.001489539228072464,0.0037925740808533335,0.002442638777238196,0.006802489417189521,0.007975310968622753,0.03364776425781253,0.014527317738445815,0.006656850998521331,0.005232961489844949,0.0026789432231059665,0.0037860551287780832,0.001556269603377995,0.005932462745366835,0.003752766177448621,0.0025909461201370845,0.004804459569027459,0.0015124141642859446,0.0038803638168946396,0.002428355472478321,0.006746304613308733,0.00788982315621862,0.03323516299143681,0.01699264039780614,0.007714042090485654,0.006068947015547109,0.002739335265213656,0.0043620626212312625,0.0017684646990002225,0.005904845315041707,0.003583825902569521,0.002927262914499477,0.005585399749177594,0.001670721215113937,0.00447440251407863,0.0025617480616808587,0.0074564392513468,0.007185522095381602,0.026215797900503046,0.017344240265802887,0.00814504356110762,0.006062881710133983,0.002722793435817469,0.004317067512580216,0.0017593346189802785,0.006111820636701797,0.0035954971039507694,0.0029659035840192984,0.005685090285554031,0.0016706489300892051,0.00442194371144721,0.002530600619102909,0.007126947960819413,0.007597546239098225,0.02515409683347189,0.016661827475177568,0.007763910834556251,0.00583688413058072,0.0027777090069354875,0.004354914086120429,0.0017064724881922214,0.0061609505943842355,0.003687747067792678,0.0028650128735767098,0.005533437995234993,0.0016087353626343458,0.0044676257731000955,0.002509622372670899,0.006844321800684164,0.007567591680121381,0.026864693466915023,0.018029117566540857,0.008765232571093837,0.005876767196266731,0.0028514198422365153,0.0038377239513681712,0.0018908586029288252,0.005343280767377765,0.0036822232908376414,0.003102815099479609,0.0052993826654235505,0.0017488550816126584,0.004104539832969066,0.0026469766657241127,0.007009970471189356,0.007877105049350368,0.02514518835427814,0.018371829025558756,0.009121696055499595,0.005700134897060191,0.002887731986532766,0.003946185924199788,0.0018148452576652412,0.005582384708816091,0.003668612803143155,0.003078858393973259,0.005415892333315197,0.0016978594144503166,0.004149717059316935,0.0026261593568384545,0.0065525989133667015,0.008413891627972004,0.024183059250968728,0.0177199692937746,0.008794145985090969,0.005371332442416437,0.0030047573335748885,0.004050642834724676,0.0017554776251302914,0.005844814771689524,0.003861419458980377,0.003086518249733373,0.005466430926102795,0.0016267164000032105,0.004265123024116889,0.0027026116110003447,0.006215345325953923,0.00836949452698287,0.025076657199402018
christ the redeemer rio,4690213663.520134,0.012917940037233129,0.007636272924136862,0.004238070648660555,0.0025545650629336973,0.0033976205081449064,0.0015399805252244581,0.00493253331601404,0.003514699761511991,0.0024718251597274214,0.0049366751154099,0.0013246778436030976,0.0036694476274400853,0.0023035000100976185,0.007106234290336182,0.007548951127520476,0.03713516147697157,0.01344692568396619,0.007776303667442076,0.004350950796681411,0.0025939276681383825,0.003308816174035937,0.001547413415047017,0.004983298856658463,0.0036027776136400977,0.0024507297750881933,0.004575472343670492,0.001375305770668284,0.0035501390405946196,0.0022295199307986167,0.006564040083260266,0.007896782275503172,0.036975752339772766,0.013626664201169935,0.007453953134723025,0.00469471386516899,0.0026711864911008543,0.0033625120649548074,0.0015007500133422081,0.005772738882545325,0.003687280994326471,0.002348653883423126,0.004520955319385987,0.0013761423100601784,0.0035353515168539754,0.0021529213997520595,0.006317232131317802,0.008134206452943299,0.036072892773897976,0.016723652935403437,0.008442318896655795,0.005452180970203859,0.0027653037970943525,0.0041248636229141615,0.0018485483207328077,0.005308217766886246,0.0036662053948147222,0.0029739379738238413,0.005166519264891156,0.0016762143858300063,0.004369072344348891,0.0025349147202064436,0.0070122981162473634,0.00768147733517475,0.027482429589738185,0.017237643172166427,0.008571241873777374,0.005484280022472151,0.0027360908330732415,0.004495354522070523,0.001860937204963939,0.005553639452927316,0.003611819828610139,0.0029519978277940395,0.005227766661287513,0.0017030152437357063,0.004611823565671868,0.002497157143788323,0.006769660284566114,0.0078109905161887665,0.0261047372818726,0.01712822116488346,0.008494623774239044,0.00551493910423462,0.0028309461989098677,0.004159648448004244,0.0017826006917205678,0.005830054736769169,0.00374327995698478,0.002933249847541978,0.005292693278457,0.0016715756306260282,0.004299044992142479,0.0024876601291712722,0.006511108306375293,0.008091511852399232,0.026456997322506982,0.01816316989099608,0.008444723182193543,0.005659904853537386,0.002919514496086941,0.004037899441078839,0.0020476189905351224,0.005019148830734825,0.003820841399484671,0.0032631398826515456,0.004894711375703159,0.0018832856307786493,0.004257439999943849,0.0026861741607598975,0.006702988769420586,0.007863274427427694,0.025564320103633256,0.018343312896310245,0.008542215945412338,0.005471535398674011,0.002949589620197253,0.0043322649489735895,0.0020420209463994803,0.00521529287926337,0.003870384612006442,0.003333563598537723,0.005095842265085677,0.001887446444713266,0.004528246685248263,0.002758088704005049,0.006401089345985363,0.008089676954425687,0.02436758418972826,0.018023694496433457,0.008655279314060306,0.00547086481484015,0.0030557785486619755,0.004116745801569173,0.0019065360901980206,0.005632539444535197,0.003949853173587102,0.0032933949019731757,0.005273749017346851,0.001787288332414158,0.004306631152965449,0.0027624869787818604,0.006191360355997365,0.008417164300727763,0.024384788710874024
civic center san francisco,5411170768.287625,0.016824166235084752,0.0076765740689988165,0.005240450427606024,0.0031507592200218275,0.0036179067126759293,0.001965331465450417,0.005168622961577891,0.0041203409571967725,0.0035239120873009977,0.0052345838029935286,0.0018330105128976668,0.0039506505393723836,0.0029491305958116018,0.006755199509814989,0.007750552338567838,0.027658598584936727,0.017028489897507337,0.007634968742765985,0.005379629194235699,0.0031188234014380566,0.003575796744141315,0.002041607688557767,0.0051162243971237965,0.004119466072496627,0.0033418204229490878,0.0049122340828010825,0.0018888891947042128,0.003862224634867263,0.002781037635351085,0.006588993096005926,0.007693090986035656,0.02833649382932724,0.01802209691194052,0.007145426738396866,0.006133307795790911,0.0031139909605125784,0.0036748967609601386,0.002167277235794364,0.005278000543540062,0.004198142395468252,0.0035357745962643376,0.00480398185793294,0.0020979499894157503,0.003927850877481788,0.0028187266575391188,0.006736767281016661,0.007523909953666909,0.02624168946458696,0.01961394173139225,0.008279245022606015,0.0058390447888967915,0.003309544549372833,0.003802499187032931,0.002245707412033954,0.004990212637927892,0.004248402462379665,0.003948553751153701,0.005150124839433025,0.0020824031324492773,0.004081420960255211,0.0031038413072298396,0.006541628165685265,0.007847353961582098,0.022335866110877407,0.019683552181123495,0.008157589994556949,0.005942501776656014,0.0032791306996087224,0.003905498685423411,0.0023186638014951705,0.004989566474208031,0.004292573726475161,0.003915427063392829,0.005097004808111575,0.002170061713852113,0.0041739245372935,0.0030147407421537045,0.006484190685302397,0.007659100355644525,0.022336262775010496,0.01973665739892676,0.007907568694495801,0.006185857147444676,0.0032934219936164937,0.0038528961867325654,0.0022194981833527474,0.005213397868556416,0.004295233517441365,0.0038483587075440555,0.005061028920598669,0.002133788931896265,0.004043746821808329,0.003015640420302854,0.006505266878310231,0.007707586750463167,0.02239984159881775,0.01979442283006706,0.008491359250787724,0.005993524617141943,0.003258353926881016,0.0037675869767719024,0.002275524934763566,0.004929487480699179,0.004159371410323313,0.0038185649355156853,0.005124260179571123,0.0021133306537638747,0.004024796846940357,0.002992505148748509,0.006625885672465615,0.007780778506507802,0.02227003664935949,0.019764915049235245,0.008419138875016994,0.005751675836146608,0.003297988325865556,0.003947195298979227,0.002284909809037432,0.004962624258456826,0.004252605784913631,0.0038582784013656986,0.005110244517699545,0.0021278766000100264,0.004210781225661287,0.0030367607041195343,0.006324710128060044,0.007774860700789326,0.022295224504951156,0.019661475192778433,0.008390410320113314,0.005776848200466399,0.003359924477182736,0.003921748226907262,0.0021670167545926843,0.005206364144560226,0.004322583596636131,0.003860083267369487,0.0051742633854320735,0.0020534319493316247,0.004146574548140042,0.003092968784042092,0.0061393368992886865,0.007919763966690972,0.022226996306776
cologne cathedral,5370563700.302013,0.013870088618904883,0.007816075897571276,0.004606090773752351,0.002700208265953474,0.0037702327869325106,0.0016808934563589024,0.005741928606676037,0.0036756246801396193,0.0028758321649428003,0.005838348121612094,0.001435164427271987,0.0039956818156571434,0.002576937504823852,0.007682366975041927,0.007527126571473451,0.03136464117110371,0.015926505257299193,0.00837418117236324,0.005193587441045334,0.002832927426984957,0.0036645798226686193,0.0017196166708509117,0.005546504377684063,0.0037040776193363696,0.002833975772748885,0.0051680740076214616,0.0015484249348304978,0.0038725589244718913,0.00252101623185059,0.0068604235869127094,0.008276542079996431,0.029114246511550913,0.0148562788843687,0.0068416421027874584,0.005951286106719894,0.0028351263718340305,0.003786946687428286,0.0016786575381332663,0.0065950510012932565,0.00388520811907948,0.0025932444323315583,0.004846597515289118,0.0016119594110548484,0.003857126727343063,0.0023644901316218995,0.007170578881554577,0.007684082304297642,0.030598965623079014,0.015394084073834238,0.007778424136724678,0.005383140637976164,0.0027679157025012435,0.004127322094810282,0.0017803274293643795,0.006017544274675726,0.0036561982783894207,0.002842709032022353,0.006072541681258475,0.0015091025530018874,0.004279763370957864,0.0025443665694302136,0.008121250380990905,0.007071837711637825,0.027810713910640418,0.01716535892897819,0.008203183622458051,0.005992246761897968,0.00285312077924602,0.004256211908207212,0.0018573827629913247,0.006041412284460141,0.003700548825129421,0.0030491606366995776,0.005698998171739058,0.001678296439658188,0.004388303817224841,0.002571627383434052,0.007316674745721741,0.007728723917405822,0.024655990852964476,0.015847913518780957,0.007322110221156099,0.005983127968994291,0.0029272053148616845,0.004206904651000955,0.0016943489058870744,0.006810666670616621,0.00381840634365212,0.002714970517915583,0.0055453013708411806,0.0015251711288413272,0.0042643632781258515,0.0024320588965462534,0.00731403943502761,0.007500875177340836,0.027249778438627588,0.015671589511663607,0.008266717488807317,0.005355844438628302,0.0028689194021700314,0.003683532087216499,0.0018940082530047298,0.005383806691917091,0.0036973458176605325,0.0029074928653607932,0.005757609801437235,0.0015556009203003473,0.004025616075410743,0.0025260902796944754,0.007782027894972537,0.00731618623144226,0.02846485407852956,0.01700719936412586,0.008773303359966116,0.005439575776571068,0.003003105431475992,0.0037778437332121177,0.0018318509735399371,0.005525704160264593,0.003805409155680313,0.0029984438817560865,0.00561177101926098,0.001608076906196714,0.004067173222288681,0.002603951486007984,0.0069027769643065714,0.008034835437869673,0.02616622096569337,0.016124234820616194,0.00798102525442748,0.005639760401492709,0.003139422382079893,0.003848723568416709,0.0017104326059177936,0.006432029528592579,0.00400565758078545,0.0028339662979114787,0.0053953661853219795,0.0015243740746731247,0.004043457510369142,0.002503691116742803,0.006666012332882661,0.00794047979669171,0.027368608381294342
colosseum,6792981067.732442,0.010323487694441658,0.007955055000664303,0.003615384839121243,0.0025667585374928898,0.0027547561501310796,0.0013893297258426758,0.004786052924879844,0.0035137641415601316,0.0019233387872157088,0.0053132956969523,0.001013571658851135,0.003128325483216956,0.0019422522144502692,0.007861731969294055,0.007009274328763279,0.042107075574162704,0.011056558853962471,0.007588160870317457,0.004008860893603726,0.00272230166363293,0.002881505451599281,0.0014121391295578167,0.00510858960842824,0.003737443590174406,0.001995056711126239,0.004853814964297549,0.0010960676002079019,0.003224072600592727,0.0019305179292879145,0.007016798938741868,0.007189542098623955,0.04138202382288572,0.010570975251559079,0.0073591115792260185,0.004059161264379745,0.0028457098330710315,0.00273256645215119,0.0012911872264355737,0.0055617790127545025,0.003861299349273593,0.0017357763168134347,0.004348844963186523,0.0010237205275852152,0.0030131182313101195,0.0018053708896762833,0.006519557951010663,0.00765910941582148,0.042816166462785785,0.014624034245409201,0.009483863079146908,0.004782729136459228,0.0027792650895163036,0.0034135290962047024,0.0016889577223476256,0.005047007155790427,0.0036060114064666113,0.0024690936483649853,0.005474110824303375,0.0013499192837397563,0.0036915990031409535,0.0021880203722974487,0.00736802455049347,0.007685490704278111,0.031551799409081115,0.015766600823177133,0.009603359715068713,0.005048206703178077,0.002876091156905939,0.003524630791234644,0.0017704622564438885,0.005154891612668469,0.003759568636242036,0.002751567700112175,0.005478119309225278,0.001500894120134247,0.00384314203352407,0.0022876382408918367,0.00688034477221085,0.007864285209274829,0.02909365164674803,0.014717182436002412,0.009077342999139572,0.004663112368627148,0.003063533730392898,0.00338827252089704,0.001638702644014423,0.005449781937245144,0.003943959492269197,0.0024268298748854164,0.005013776834440658,0.001352276393102942,0.003651996765278268,0.0021570158966390304,0.006376627161904312,0.00792100236100361,0.032362041311198166,0.017220253983790946,0.009909521507677132,0.004872448234532738,0.002823159224023296,0.0033507791191287714,0.001746878388669626,0.0046644378395568654,0.0035566347697392545,0.002782967788950857,0.004786931173974973,0.0015241630346125485,0.0036200939801509795,0.0024051418566452356,0.006450188499994966,0.008485315615031044,0.029004539710560995,0.01795590921119313,0.01040560303303404,0.004812993090654654,0.0028157656239682564,0.0034342031511723527,0.0017666031967527326,0.004750302472412524,0.003579057598902732,0.0029319597764450615,0.004751338975374952,0.001593769441997684,0.003680558283195268,0.002505467023730571,0.005897162283545932,0.009112550680457545,0.027210210884202782,0.01733988773070297,0.010550952624847653,0.004467153764804264,0.0029490735193157718,0.0033750749397325978,0.0016774402995259918,0.004996152130120864,0.0037040950208498233,0.002830912016347453,0.004787438505798767,0.0014792724107403454,0.0036113059975695057,0.0024939367438710615,0.005580501178143801,0.00939703162802733,0.027963226216642018
